model,stratum,n,observed_mean,predicted_mean,aggregate_bias_pct
hierarchy_lookup,all,879,23197.11035267349,20083.361774744026,-13.4230019627018
hierarchy_lookup,region:Hong Kong Island,222,20285.99099099099,17573.49099099099,-13.37129648339399
hierarchy_lookup,region:Kowloon,308,23239.83766233766,19660.665584415583,-15.401020135878412
hierarchy_lookup,region:New Territories,349,25011.174785100287,22052.936962750715,-11.827664425070742
hierarchy_lookup,road_network:MAJOR,697,27639.48350071736,22800.380200860833,-17.507936788076858
hierarchy_lookup,road_network:MINOR,182,6184.285714285715,9678.076923076924,56.494660340814185
hierarchy_lookup,road_type:DISTRICT DISTRIBUTOR,282,15660.709219858156,15048.173758865249,-3.9112881312948335
hierarchy_lookup,road_type:EXPRESSWAY,45,73091.11111111111,65427.11111111111,-10.485543157702715
hierarchy_lookup,road_type:LOCAL DISTRIBUTOR,263,7424.448669201521,10370.779467680608,39.68416955593226
hierarchy_lookup,road_type:PRIMARY DISTRIBUTOR,200,29847.75,21509.7,-27.9352715028771
hierarchy_lookup,road_type:RURAL ROAD,24,15765.0,17999.375,14.173009831906121
hierarchy_lookup,road_type:RURAL TRUNK ROAD,7,36290.0,17512.85714285714,-51.74192024564028
hierarchy_lookup,road_type:URBAN TRUNK ROAD,58,71211.55172413793,49680.0,-30.23603783772005
hierarchy_lookup,osm_highway_group:local,138,6414.420289855072,8701.376811594202,35.65336255493171
hierarchy_lookup,osm_highway_group:motorway,84,58116.42857142857,53991.90476190476,-7.097001503549935
hierarchy_lookup,osm_highway_group:primary,147,32358.231292517008,18477.210884353743,-42.89795781073274
hierarchy_lookup,osm_highway_group:secondary,287,17721.811846689896,15580.644599303136,-12.082101231577457
hierarchy_lookup,osm_highway_group:service,5,39332.0,35301.0,-10.248652496694802
hierarchy_lookup,osm_highway_group:tertiary,168,9754.82142857143,10938.333333333334,12.132584009128575
hierarchy_lookup,osm_highway_group:trunk,50,58900.0,54304.5,-7.802207130730051
osm_absolute,all,879,23197.11035267349,21056.7859531666,-9.22668542317046
osm_absolute,region:Hong Kong Island,222,20285.99099099099,16102.652091225857,-20.621811878073668
osm_absolute,region:Kowloon,308,23239.83766233766,21495.631166138624,-7.505243890002239
osm_absolute,region:New Territories,349,25011.174785100287,23820.83578627681,-4.759228660992725
osm_absolute,road_network:MAJOR,697,27639.48350071736,24438.9714835642,-11.579492855103792
osm_absolute,road_network:MINOR,182,6184.285714285715,8104.130377962602,31.04391925557456
osm_absolute,road_type:DISTRICT DISTRIBUTOR,282,15660.709219858156,16485.03302970088,5.263642905759732
osm_absolute,road_type:EXPRESSWAY,45,73091.11111111111,62970.939424163436,-13.845967769683051
osm_absolute,road_type:LOCAL DISTRIBUTOR,263,7424.448669201521,9573.973860004642,28.951984000103497
osm_absolute,road_type:PRIMARY DISTRIBUTOR,200,29847.75,26066.614006614967,-12.668077136082387
osm_absolute,road_type:RURAL ROAD,24,15765.0,16900.95295677826,7.205537309091399
osm_absolute,road_type:RURAL TRUNK ROAD,7,36290.0,28244.4812217315,-22.170071034082394
osm_absolute,road_type:URBAN TRUNK ROAD,58,71211.55172413793,46410.88100605908,-34.82675228613562
osm_absolute,osm_highway_group:local,138,6414.420289855072,5873.916325992661,-8.42638834747487
osm_absolute,osm_highway_group:motorway,84,58116.42857142857,52016.29639549305,-10.496398911433603
osm_absolute,osm_highway_group:primary,147,32358.231292517008,26787.965630334325,-17.214370006282852
osm_absolute,osm_highway_group:secondary,287,17721.811846689896,17348.219694045103,-2.108092309503748
osm_absolute,osm_highway_group:service,5,39332.0,32963.80208022888,-16.1908825378092
osm_absolute,osm_highway_group:tertiary,168,9754.82142857143,9838.849914886003,0.8614046595302931
osm_absolute,osm_highway_group:trunk,50,58900.0,51888.594133459104,-11.903914883770598
osm_poisson,all,879,23197.11035267349,22204.414488924962,-4.279394496367178
osm_poisson,region:Hong Kong Island,222,20285.99099099099,17640.009084792364,-13.043394859899667
osm_poisson,region:Kowloon,308,23239.83766233766,24151.226342889728,3.9216654341310573
osm_poisson,region:New Territories,349,25011.174785100287,23389.743854816905,-6.482825953658531
osm_poisson,road_network:MAJOR,697,27639.48350071736,25773.303082257724,-6.751864297359987
osm_poisson,road_network:MINOR,182,6184.285714285715,8536.747733139619,38.039348884216494
osm_poisson,road_type:DISTRICT DISTRIBUTOR,282,15660.709219858156,16378.748562009021,4.584973337225187
osm_poisson,road_type:EXPRESSWAY,45,73091.11111111111,62082.74724056678,-15.061152721853833
osm_poisson,road_type:LOCAL DISTRIBUTOR,263,7424.448669201521,10109.232293863288,36.16138711819672
osm_poisson,road_type:PRIMARY DISTRIBUTOR,200,29847.75,29127.55590300029,-2.412892419025589
osm_poisson,road_type:RURAL ROAD,24,15765.0,14227.479811497533,-9.75274461466837
osm_poisson,road_type:RURAL TRUNK ROAD,7,36290.0,25163.838217587396,-30.65902943624306
osm_poisson,road_type:URBAN TRUNK ROAD,58,71211.55172413793,53505.24066496272,-24.8643803294255
osm_poisson,osm_highway_group:local,138,6414.420289855072,6066.960042786526,-5.416861249614134
osm_poisson,osm_highway_group:motorway,84,58116.42857142857,54171.11238242201,-6.788641845321803
osm_poisson,osm_highway_group:primary,147,32358.231292517008,31170.82059148317,-3.66957850786
osm_poisson,osm_highway_group:secondary,287,17721.811846689896,17162.819213685416,-3.1542634457485814
osm_poisson,osm_highway_group:service,5,39332.0,31659.857408351403,-19.506108490919846
osm_poisson,osm_highway_group:tertiary,168,9754.82142857143,9974.92523425381,2.2563591480793987
osm_poisson,osm_highway_group:trunk,50,58900.0,55762.79884129828,-5.326317756709194
osm_squared_error,all,879,23197.11035267349,24086.451834792122,3.8338459773552427
osm_squared_error,region:Hong Kong Island,222,20285.99099099099,18423.034753723972,-9.183461819017662
osm_squared_error,region:Kowloon,308,23239.83766233766,26752.526705094275,15.114946557691574
osm_squared_error,region:New Territories,349,25011.174785100287,25336.100923457063,1.2991238562306393
osm_squared_error,road_network:MAJOR,697,27639.48350071736,28001.47504566162,1.3096899764240044
osm_squared_error,road_network:MINOR,182,6184.285714285715,9093.203604154533,47.037249316428124
osm_squared_error,road_type:DISTRICT DISTRIBUTOR,282,15660.709219858156,17550.245637016425,12.065458790092928
osm_squared_error,road_type:EXPRESSWAY,45,73091.11111111111,63791.673877927446,-12.723075476369354
osm_squared_error,road_type:LOCAL DISTRIBUTOR,263,7424.448669201521,10604.007397653357,42.82551971355725
osm_squared_error,road_type:PRIMARY DISTRIBUTOR,200,29847.75,32016.379310821147,7.26563747961286
osm_squared_error,road_type:RURAL ROAD,24,15765.0,20050.015758309422,27.180563008623047
osm_squared_error,road_type:RURAL TRUNK ROAD,7,36290.0,31065.276646143357,-14.397143438568868
osm_squared_error,road_type:URBAN TRUNK ROAD,58,71211.55172413793,59679.47320978303,-16.194112099997923
osm_squared_error,osm_highway_group:local,138,6414.420289855072,6671.881243526752,4.01378366302057
osm_squared_error,osm_highway_group:motorway,84,58116.42857142857,58263.31881167338,0.2527516639537907
osm_squared_error,osm_highway_group:primary,147,32358.231292517008,33864.07450012181,4.653663526884531
osm_squared_error,osm_highway_group:secondary,287,17721.811846689896,18479.479517270673,4.275339774145573
osm_squared_error,osm_highway_group:service,5,39332.0,34859.92806643042,-11.370059833137347
osm_squared_error,osm_highway_group:tertiary,168,9754.82142857143,11157.376634942857,14.378071568418537
osm_squared_error,osm_highway_group:trunk,50,58900.0,60535.68566035761,2.7770554505222433
structure_gtfs_absolute,all,879,23197.11035267349,20326.7063049962,-12.373972464835377
structure_gtfs_absolute,region:Hong Kong Island,222,20285.99099099099,15262.5386204712,-24.7631598217248
structure_gtfs_absolute,region:Kowloon,308,23239.83766233766,20810.69646480961,-10.452487804872685
structure_gtfs_absolute,region:New Territories,349,25011.174785100287,23120.907613712585,-7.55769046287971
structure_gtfs_absolute,road_network:MAJOR,697,27639.48350071736,23089.56563409175,-16.461660242339644
structure_gtfs_absolute,road_network:MINOR,182,6184.285714285715,9745.865907306108,57.59080931194909
structure_gtfs_absolute,road_type:DISTRICT DISTRIBUTOR,282,15660.709219858156,15868.172871153918,1.3247398210592856
structure_gtfs_absolute,road_type:EXPRESSWAY,45,73091.11111111111,61564.277563388125,-15.77049982206482
structure_gtfs_absolute,road_type:LOCAL DISTRIBUTOR,263,7424.448669201521,10946.928703640262,47.44433144309926
structure_gtfs_absolute,road_type:PRIMARY DISTRIBUTOR,200,29847.75,22994.028709163613,-22.962271162269808
structure_gtfs_absolute,road_type:RURAL ROAD,24,15765.0,16301.171302853554,3.401023170653698
structure_gtfs_absolute,road_type:RURAL TRUNK ROAD,7,36290.0,21807.159723251774,-39.908625728157126
structure_gtfs_absolute,road_type:URBAN TRUNK ROAD,58,71211.55172413793,44831.57554917979,-37.04451811013741
structure_gtfs_absolute,osm_highway_group:local,138,6414.420289855072,8553.204194989812,33.343370226572134
structure_gtfs_absolute,osm_highway_group:motorway,84,58116.42857142857,49890.745697494065,-14.153799667549519
structure_gtfs_absolute,osm_highway_group:primary,147,32358.231292517008,21166.26986818478,-34.58767978743146
structure_gtfs_absolute,osm_highway_group:secondary,287,17721.811846689896,16402.588931112296,-7.444063434315309
structure_gtfs_absolute,osm_highway_group:service,5,39332.0,27512.101864025317,-30.05160717984003
structure_gtfs_absolute,osm_highway_group:tertiary,168,9754.82142857143,11805.666643943643,21.023913460531237
structure_gtfs_absolute,osm_highway_group:trunk,50,58900.0,51122.256504770274,-13.204997445211756
